resilience_group,n,mean_equilibrium,mean_equilibrium_volatility,mean_stability_index,mean_overload,mean_instability,mean_intervention_need_rate
low_resilience,467,0.08553997090860342,0.15108452224179678,-0.06554455133319335,0.5251788305132458,0.4076012382499346,0.9332173447537473
moderate_resilience,466,0.09884204387309328,0.15396817732441495,-0.055126133451321675,0.5232916314085171,0.406911543768006,0.9281115879828327
high_resilience,467,0.12289908936722228,0.1611297878794126,-0.03823069851219033,0.5177281160280192,0.40501159313867435,0.9064507494646681
