from_state,critical,fragile,recovering,stable
critical,0.9994853613906679,0.0005146386093321134,0.0,0.0
fragile,0.5093954248366013,0.49060457516339867,0.0,0.0
recovering,0.008281573498964804,0.6231884057971014,0.36853002070393376,0.0
stable,0.0,0.0,0.6224489795918368,0.37755102040816324
