scenario,mean_equilibrium_before,mean_equilibrium_after,delta_equilibrium,critical_rate_before,critical_rate_after
engagement_support,0.10242959542405147,0.11628590225951145,0.013856306835459978,0.8429910714285714,0.8332142857142857
workload_reduction,0.10242959542405147,0.1184234349973255,0.01599383957327402,0.8429910714285714,0.8317857142857142
resilience_reinforcement,0.10242959542405147,0.12212501125446903,0.019695415830417562,0.8429910714285714,0.829375
combined_support,0.10242959542405147,0.1477454362102661,0.04531584078621462,0.8429910714285714,0.8104017857142857
